{"learning_rate": 0.03416879752139985, "num_leaves": 85, "scale_pos_weight": 3.394127882488612, "feature_fraction": 0.712811425016529}